﻿<?xml version="1.0" encoding="UTF-8" standalone="yes"?>
<addon id="plugin.video.greek.movies" name="Greek Movies" version="1.0.0" provider-name="IWT">
	<requires>
		<import addon="xbmc.python" version="1.0"/>
		<import addon="script.common.plugin.cache" version="0.9.1"/>
		<import addon="script.module.parsedom" version="0.9.1"/>
		<import addon="plugin.video.youtube" version="2.9.2"/>
	</requires>
	<extension point="xbmc.python.pluginsource" library="default.py">
		<provides>video</provides>
	</extension>
	<extension point="xbmc.addon.metadata">
		<summary lang="en">Watch greek movies from Cine-Greece and Greek-Movies</summary>
		<description lang="en">Watch greek movies from Cine-Greece and Greek-Movies.[CR]All recent and classic movies are broadcasted by YouTube.</description>
		<disclaimer lang="en">Τhis addon offers content available in Greece.</disclaimer>
		<platform>all</platform>
	</extension>
</addon>