<?xml version="1.0" encoding="UTF-8"?>
<window>
  <defaultcontrol always="true">9</defaultcontrol>
  <coordinates>
    <system>1</system>
  </coordinates>
  <include>OpenClose</include>
  <controls>
    <include>MiniBackground</include>
    <control type="group">
      <posx>315</posx>
      <posy>-45</posy>
      <control type="label">
        <description>header label</description>
        <posx>0</posx>
        <posy>75</posy>
        <width>1290</width>
        <height>45</height>
        <font>size26B</font>
        <label>$LOCALIZE[19142]</label>
        <align>center</align>
        <aligny>center</aligny>
        <visible>!pvr.IsPlayingRadio</visible>
      </control>
      <control type="image">
        <posx>0</posx>
        <posy>154</posy>
        <width>1290</width>
        <height>66</height>
        <aspectratio>stretch</aspectratio>
        <texture flipy="true" border="5">img/ButtonFO2.png</texture>
      </control>
      <control type="edit" id="9">
        <description>Search string</description>
        <posx>8</posx>
        <posy>158</posy>
        <width>1275</width>
        <height>60</height>
        <font>size18</font>
        <texturefocus>-</texturefocus>
        <texturenofocus>-</texturenofocus>
        <align>left</align>
        <onleft>9</onleft>
        <onright>9</onright>
        <onup>26</onup>
        <ondown>10</ondown>
      </control>
      <control type="textbox">
        <description>Search help</description>
        <posx>0</posx>
        <posy>232</posy>
        <width>1290</width>
        <height>105</height>
        <align>left</align>
        <font>size18</font>
        <textcolor>Grey</textcolor>
        <label>$LOCALIZE[19001] $LOCALIZE[19002]</label>
      </control>
      <control type="group" description="Left panel">
        <posx>0</posx>
        <posy>345</posy>
        <control type="radiobutton" id="10">
          <description>Include Description</description>
          <posx>0</posx>
          <posy>0</posy>
          <height>66</height>
          <width>645</width>
          <font>size18</font>
          <texturefocus border="5">img/ButtonFO.png</texturefocus>
          <texturenofocus border="5">img/ButtonNF.png</texturenofocus>
          <align>left</align>
          <aligny>center</aligny>
          <label>19134</label>
          <onleft>12</onleft>
          <onright>12</onright>
          <onup>9</onup>
          <ondown>11</ondown>
        </control>
        <control type="radiobutton" id="11">
          <description>Case Sensitive</description>
          <posx>0</posx>
          <posy>75</posy>
          <height>66</height>
          <width>645</width>
          <font>size18</font>
          <texturefocus border="5">img/ButtonFO.png</texturefocus>
          <texturenofocus border="5">img/ButtonNF.png</texturenofocus>
          <align>left</align>
          <aligny>center</aligny>
          <label>19135</label>
          <onleft>13</onleft>
          <onright>13</onright>
          <onup>10</onup>
          <ondown>14</ondown>
        </control>
        <control type="edit" id="14">
          <description>Start Date</description>
          <posx>0</posx>
          <posy>150</posy>
          <width>645</width>
          <height>66</height>
          <font>size18</font>
          <texturefocus border="5">img/ButtonFO.png</texturefocus>
          <texturenofocus border="5">img/ButtonNF.png</texturenofocus>
          <label>19128</label>
          <onright>16</onright>
          <onleft>16</onleft>
          <onup>11</onup>
          <ondown>15</ondown>
        </control>
        <control type="edit" id="15">
          <description>Stop Date</description>
          <posx>0</posx>
          <posy>225</posy>
          <width>645</width>
          <height>66</height>
          <font>size18</font>
          <texturefocus border="5">img/ButtonFO.png</texturefocus>
          <texturenofocus border="5">img/ButtonNF.png</texturenofocus>
          <label>19129</label>
          <onright>17</onright>
          <onleft>17</onleft>
          <onup>14</onup>
          <ondown>18</ondown>
        </control>
        <control type="spincontrolex" id="18">
          <description>Genre</description>
          <posx>0</posx>
          <posy>300</posy>
          <width>645</width>
          <height>66</height>
          <font>size18</font>
          <texturefocus border="5">img/ButtonFO.png</texturefocus>
          <texturenofocus border="5">img/ButtonNF.png</texturenofocus>
          <label>515</label>
          <onright>19</onright>
          <onleft>19</onleft>
          <onup>15</onup>
          <ondown>20</ondown>
        </control>
        <control type="radiobutton" id="20">
          <description>Include unknown Genres</description>
          <posx>0</posx>
          <posy>375</posy>
          <height>66</height>
          <width>645</width>
          <font>size18</font>
          <align>left</align>
          <aligny>center</aligny>
          <texturefocus border="5">img/ButtonFO.png</texturefocus>
          <texturenofocus border="5">img/ButtonNF.png</texturenofocus>
          <pulseonselect>no</pulseonselect>
          <label>19132</label>
          <onleft>21</onleft>
          <onright>21</onright>
          <onup>18</onup>
          <ondown>22</ondown>
        </control>
        <control type="radiobutton" id="22">
          <description>FTA only</description>
          <posx>0</posx>
          <posy>450</posy>
          <height>66</height>
          <width>645</width>
          <font>size18</font>
          <align>left</align>
          <aligny>center</aligny>
          <texturefocus border="5">img/ButtonFO.png</texturefocus>
          <texturenofocus border="5">img/ButtonNF.png</texturenofocus>
          <pulseonselect>no</pulseonselect>
          <label>19123</label>
          <onleft>23</onleft>
          <onright>23</onright>
          <onup>20</onup>
          <ondown>24</ondown>
        </control>
        <control type="radiobutton" id="24">
          <description>Ignore Timers</description>
          <posx>0</posx>
          <posy>525</posy>
          <height>66</height>
          <width>645</width>
          <font>size18</font>
          <align>left</align>
          <aligny>center</aligny>
          <texturefocus border="5">img/ButtonFO.png</texturefocus>
          <texturenofocus border="5">img/ButtonNF.png</texturenofocus>
          <pulseonselect>no</pulseonselect>
          <label>19124</label>
          <onleft>27</onleft>
          <onright>27</onright>
          <onup>22</onup>
          <ondown>26</ondown>
        </control>
      </control>
      <control type="group">
        <posx>660</posx>
        <posy>345</posy>
        <control type="spincontrolex" id="12">
          <description>Min Duration</description>
          <posx>0</posx>
          <posy>0</posy>
          <width>645</width>
          <height>66</height>
          <font>size18</font>
          <texturefocus border="5">img/ButtonFO.png</texturefocus>
          <texturenofocus border="5">img/ButtonNF.png</texturenofocus>
          <label>19130</label>
          <onright>10</onright>
          <onleft>10</onleft>
          <onup>9</onup>
          <ondown>13</ondown>
        </control>
        <control type="spincontrolex" id="13">
          <description>Max Duration</description>
          <posx>0</posx>
          <posy>75</posy>
          <width>645</width>
          <height>66</height>
          <font>size18</font>
          <texturefocus border="5">img/ButtonFO.png</texturefocus>
          <texturenofocus border="5">img/ButtonNF.png</texturenofocus>
          <label>19131</label>
          <onright>11</onright>
          <onleft>11</onleft>
          <onup>12</onup>
          <ondown>16</ondown>
        </control>
        <control type="edit" id="16">
          <description>Start time</description>
          <posx>0</posx>
          <posy>150</posy>
          <width>645</width>
          <height>66</height>
          <font>size18</font>
          <texturefocus border="5">img/ButtonFO.png</texturefocus>
          <texturenofocus border="5">img/ButtonNF.png</texturenofocus>
          <label>19126</label>
          <onright>14</onright>
          <onleft>14</onleft>
          <onup>13</onup>
          <ondown>17</ondown>
        </control>
        <control type="edit" id="17">
          <description>Stop time</description>
          <posx>0</posx>
          <posy>225</posy>
          <width>645</width>
          <height>66</height>
          <font>size18</font>
          <texturefocus border="5">img/ButtonFO.png</texturefocus>
          <texturenofocus border="5">img/ButtonNF.png</texturenofocus>
          <label>19127</label>
          <onright>15</onright>
          <onleft>15</onleft>
          <onup>16</onup>
          <ondown>19</ondown>
        </control>
        <control type="radiobutton" id="19">
          <description>avoid repeats</description>
          <posx>0</posx>
          <posy>300</posy>
          <width>645</width>
          <height>66</height>
          <font>size18</font>
          <align>left</align>
          <aligny>center</aligny>
          <texturefocus border="5">img/ButtonFO.png</texturefocus>
          <texturenofocus border="5">img/ButtonNF.png</texturenofocus>
          <pulseonselect>no</pulseonselect>
          <label>19121</label>
          <onright>18</onright>
          <onleft>18</onleft>
          <onup>17</onup>
          <ondown>21</ondown>
        </control>
        <control type="spincontrolex" id="21">
          <description>Groups</description>
          <posx>0</posx>
          <posy>375</posy>
          <width>645</width>
          <height>66</height>
          <font>size18</font>
          <texturefocus border="5">img/ButtonFO.png</texturefocus>
          <texturenofocus border="5">img/ButtonNF.png</texturenofocus>
          <label>19141</label>
          <onright>20</onright>
          <onleft>20</onleft>
          <onup>19</onup>
          <ondown>23</ondown>
        </control>
        <control type="spincontrolex" id="23">
          <description>Channels</description>
          <posx>0</posx>
          <posy>450</posy>
          <width>645</width>
          <height>66</height>
          <font>size18</font>
          <texturefocus border="5">img/ButtonFO.png</texturefocus>
          <texturenofocus border="5">img/ButtonNF.png</texturenofocus>
          <label>19148</label>
          <onleft>22</onleft>
          <onright>22</onright>
          <onup>21</onup>
          <ondown>27</ondown>
        </control>
        <control type="radiobutton" id="27">
          <description>Ignore Recordings</description>
          <posx>0</posx>
          <posy>525</posy>
          <height>66</height>
          <width>645</width>
          <font>size18</font>
          <align>left</align>
          <aligny>center</aligny>
          <texturefocus border="5">img/ButtonFO.png</texturefocus>
          <texturenofocus border="5">img/ButtonNF.png</texturenofocus>
          <pulseonselect>no</pulseonselect>
          <label>19125</label>
          <onleft>24</onleft>
          <onright>24</onright>
          <onup>23</onup>
          <ondown>26</ondown>
        </control>
      </control>
      <control type="group" id="9000">
        <posy>960</posy>
        <posx>188</posx>
        <control type="button" id="28">
          <description>Default Buttons</description>
          <posx>0</posx>
          <posy>0</posy>
          <width>300</width>
          <height>60</height>
          <align>center</align>
          <aligny>center</aligny>
          <font>size18</font>
          <texturefocus border="5">img/ButtonFO.png</texturefocus>
          <texturenofocus border="5">img/ButtonNF.png</texturenofocus>
          <label>409</label>
          <onleft>26</onleft>
          <onright>25</onright>
          <onup>24</onup>
          <ondown>9</ondown>
        </control>
        <control type="button" id="25">
          <description>Cancel Button</description>
          <posx>315</posx>
          <posy>0</posy>
          <width>300</width>
          <height>60</height>
          <align>center</align>
          <aligny>center</aligny>
          <font>size18</font>
          <texturefocus border="5">img/ButtonFO.png</texturefocus>
          <texturenofocus border="5">img/ButtonNF.png</texturenofocus>
          <label>222</label>
          <onleft>28</onleft>
          <onright>26</onright>
          <onup>27</onup>
          <ondown>9</ondown>
        </control>
        <control type="button" id="26">
          <description>Search Button</description>
          <posx>630</posx>
          <posy>0</posy>
          <width>300</width>
          <height>60</height>
          <align>center</align>
          <aligny>center</aligny>
          <font>size18</font>
          <texturefocus border="5">img/ButtonFO.png</texturefocus>
          <texturenofocus border="5">img/ButtonNF.png</texturenofocus>
          <label>137</label>
          <onleft>25</onleft>
          <onright>28</onright>
          <onup>27</onup>
          <ondown>9</ondown>
        </control>
      </control>
    </control>
  </controls>
</window>
