<?xml version="1.0" encoding="UTF-8"?>
<window>
  <defaultcontrol always="true">50</defaultcontrol>
  
  <controls>
    <include>MiniBackground</include>
    <control type="group">
      <posx>0</posx>
      <posy>0</posy>
      <control type="group" description="Infolist">
        <visible>Control.IsVisible(50)</visible>
        <control type="group" description="Thumbs no info">
          <posy>240</posy>
          <animation effect="fade" time="400">Visible</animation>
          <animation effect="fade" time="0">Hidden</animation>
          <control type="image" description="Thumb Reflection">
            <posx>180</posx>
            <posy>720</posy>
            <width>621</width>
            <height>720</height>
            <include>Icon_Fade</include>
            <texture background="true" diffuse="img/Reflection0Long.png" flipy="true">$INFO[ListItem.Thumb]</texture>
            <aspectratio aligny="top">keep</aspectratio>
          </control>
          <control type="image" description="Thumb">
            <posx>180</posx>
            <posy>0</posy>
            <width>621</width>
            <height>720</height>
            <include>Icon_Fade</include>
            <texture background="true">$INFO[ListItem.Icon]</texture>
            <aspectratio aligny="bottom">keep</aspectratio>
          </control>
          <control type="image" description="Thumb">
            <posx>180</posx>
            <posy>0</posy>
            <width>621</width>
            <height>720</height>
            <include>Icon_Fade</include>
            <bordertexture border="3">img/CoverOverlay0.png</bordertexture>
            <texture diffuse="img/DiffuseE.png" background="true">$INFO[ListItem.Thumb]</texture>
            <aspectratio aligny="bottom">keep</aspectratio>
          </control>
        </control>
        <control type="group" description="Slider and List">
          <include>LargeListItemCount</include>
          <posx>1020</posx>
          <posy>141</posy>
          <control type="fixedlist" id="50">
            <posx>0</posx>
            <posy>0</posy>
            <width>802</width>
            <height>888</height>
            <onleft>9000</onleft>
            <onright condition="Skin.HasSetting(Scrollbars_Active)">60</onright>
            <onright condition="!Skin.HasSetting(Scrollbars_Active)">9000</onright>
            <onup>50</onup>
            <ondown>50</ondown>
            <pagecontrol>60</pagecontrol>
            <viewtype label="535">50</viewtype>
            <focusposition>3</focusposition>
            <movement>4</movement>
            <preloaditems>4</preloaditems>
            <scrolltime tween="sine" easing="inout">280</scrolltime>
            <itemlayout width="802" height="111">
              <include>ListBG</include>
              <control type="image" description="KEEP">
                <posx>0</posx>
                <posy>0</posy>
                <height>111</height>
                <width>166</width>
                <bordersize>8</bordersize>
                <texture>$INFO[ListItem.Icon]</texture>
                <aspectratio>keep</aspectratio>
              </control>
              <control type="label" description="Main Label">
                <visible>!IsEmpty(ListItem.Artist) | !IsEmpty(ListItem.Label2)</visible>
                <posx>195</posx>
                <width>570</width>
                <include>51MainLabel</include>
                <label>$INFO[ListItem.Label]</label>
              </control>
              <control type="label" description="Main Label">
                <visible>IsEmpty(ListItem.Artist) + IsEmpty(ListItem.Label2)</visible>
                <posy>27</posy>
                <posx>195</posx>
                <width>570</width>
                <include>51MainLabel</include>
                <label>$INFO[ListItem.Label]</label>
              </control>
              <control type="label" description="Label2">
                <posx>195</posx>
                <include>51Label2</include>
                <label>$INFO[ListItem.Artist]</label>
              </control>
              <control type="label" description="Label2">
                <visible>IsEmpty(ListItem.Artist)</visible>
                <posx>195</posx>
                <include>51Label2</include>
                <label>$INFO[ListItem.Label2]</label>
              </control>
            </itemlayout>
            <focusedlayout width="802" height="111">
              <include>ListBG</include>
              <control type="image" description="KEEP">
                <posx>0</posx>
                <posy>0</posy>
                <height>111</height>
                <width>166</width>
                <bordersize>8</bordersize>
                <texture>$INFO[ListItem.Icon]</texture>
                <aspectratio>keep</aspectratio>
              </control>
              <control type="label" description="Main Label">
                <visible>!IsEmpty(ListItem.Artist) | !IsEmpty(ListItem.Label2)</visible>
                <posx>195</posx>
                <width>570</width>
                <include>51MainLabelFO</include>
                <label>$INFO[ListItem.Label]</label>
              </control>
              <control type="label" description="Main Label">
                <visible>IsEmpty(ListItem.Artist) + IsEmpty(ListItem.Label2)</visible>
                <posy>27</posy>
                <posx>195</posx>
                <width>570</width>
                <include>51MainLabelFO</include>
                <label>$INFO[ListItem.Label]</label>
              </control>
              <control type="label" description="Label2">
                <posx>195</posx>
                <include>51Label2FO</include>
                <label>$INFO[ListItem.Artist]</label>
              </control>
              <control type="label" description="Label2">
                <visible>IsEmpty(ListItem.Artist)</visible>
                <posx>195</posx>
                <include>51Label2FO</include>
                <label>$INFO[ListItem.Label2]</label>
              </control>
            </focusedlayout>
          </control>
          <include>LargeListSlider</include>
        </control>
        <include>LargeListFade</include>
        <control type="scrollbar" id="60">
          <posx>51r</posx>
          <posy>135</posy>
          <height>870</height>
          <onleft>50</onleft>
          <onright>noop</onright>
        </control>
      </control>
      <control type="group" description="Side menu 9000 group">
      <visible allowhiddenfocus="true">ControlGroup(9000).HasFocus()</visible>
      <include>DialogOpenCloseVisible</include>
      <control type="image" description="List back">
        <posx>459</posx>
        <posy>168</posy>
        <width>1002</width>
        <height>762</height>
        <aspectratio>stretch</aspectratio>
        <texture border="136,127,128,139">img/Dialog.png</texture>
      </control>
      <control type="grouplist" id="9000">
        <include>9000GrouplistParameters</include>
          <control type="radiobutton" id="20" description="Shuffle">
            <radioposx>630</radioposx>
            <include>9000Buttons</include>
            <label>191</label>
          </control>
          <control type="button" id="21" description="Save">
            <include>9000Buttons</include>
            <label>190</label>
          </control>
          <control type="button" id="22" description="Clear">
            <include>9000Buttons</include>
            <label>192</label>
          </control>
          <control type="button" id="23" description="Play">
            <include>9000Buttons</include>
            <label>208</label>
          </control>
          <control type="button" id="26" description="Repeat">
            <include>9000Buttons</include>
            <label>-</label>
          </control>
        </control>
      </control>
    </control>
    <include>MediaHeader</include>
  </controls>
</window>
