<addon id="plugin.skin.iwt" version="1.0.0" name="IWT" provider-name="thecr8tr">
  <requires>
    <import addon="xbmc.gui" version="4.0.0"/>
    <import addon="script.favourites" version="4.0.4"/>
  </requires>
  <extension
    point="xbmc.gui.skin"
    defaultthemename="Textures.xbt"
    debugging="false">
    <res width="1920" height="1080" aspect="16:9" default="true" folder="1080i" />
	
  </extension>
  <extension point="xbmc.addon.metadata">
    <platform>all</platform>
    <summary>IWT</summary>
    <description>International Web Tv</description>
  </extension>
</addon>
