<?xml version="1.0" encoding="utf-8" standalone="yes"?>
	<area name=" ">
		<channel active="True">
			<name>1Greek Voice</name>
			<type></type>
			<url>rtmp://wpso.com:8081/live/livestream live=1 timeout=10</url>
			<epg>30511</epg>
		</channel>
		<channel active="True">
			<name>2Greek Video Hits</name>
			<type>hls</type>
			<url>http://greekvideohits.com/hls/wzra.m3u8</url>
			<epg>30521</epg>
		</channel>
		<channel active="True">
			<name>3Greek Voice WZRA</name>
			<type></type>
			<url>http://wpso.com:200/tv48</url>
			<type2></type2>
			<epg>30522</epg>
		</channel>
		<channel active="True">
			<name>4Greek Voice Radio</name>
			<type></type>
			<url>rtmp://wpso.com:8081/live/livestream3 live=1 timeout=10</url>
			<type2></type2>
			<epg>30522</epg>
		</channel>
		<channel active="True">
			<name>5Greek Voice Radio</name>
			<type></type>
			<url>mms://wpso.com:200/wpso</url>
			<type2></type2>
			<epg>30522</epg>
		</channel>
		<channel active="True">
			<name>6Greek Voice Radio</name>
			<type></type>
			<url>mms://greekvideohits.com:200/music</url>
			<type2></type2>
			<epg>30522</epg>
		</channel>
	</area>