﻿<?xml version="1.0" encoding="UTF-8" standalone="yes"?>
<addon id="repository.IWT" name="IWT Addons" version="1.0.0" provider-name="IWT">
	<extension point="xbmc.addon.repository" name="IWT Repository">
		<info compressed="false">https://github.com/thecr8tr/iwt/raw/master/addons.xml</info>
		<checksum>https://github.com/thecr8tr/iwt/raw/master/addons.xml.md5</checksum>
		<datadir zip="true">https://github.com/thecr8tr/iwt/raw/master/repo</datadir>
	</extension>
	<extension point="xbmc.addon.metadata">
		<summary lang="en">Install IWT Addons</summary>
		<description lang="en">Download/install IWT Addons</description>
		<platform>all</platform>
	</extension>
</addon>

