<?xml version="1.0" encoding="UTF-8"?>
<window type="dialog" id="1114">
  <defaultcontrol always="true">9000</defaultcontrol>
  <include>DialogOpenClose</include>
  <controls>
    <control type="group" description="All dialog content">
      <control type="image">
        <posx>444</posx>
        <posy>105</posy>
        <width>1023</width>
        <height>862</height>
        <texture border="136,127,128,139">img/Dialog.png</texture>
      </control>
      <control type="label" description="Dialog heading">
        <posx>615</posx>
        <posy>281</posy>
        <width>690</width>
        <height>52</height>
        <label>13008</label>
        <align>center</align>
        <aligny>center</aligny>
        <include>TitleCommons</include>
      </control>
      <control type="group">
        <posx>442</posx>
        <posy>216</posy>
        <control type="grouplist" id="9000" description="Video OSD Options">
          <posx>255</posx>
          <posy>150</posy>
          <width>525</width>
          <height>450</height>
          <onleft>noop</onleft>
          <onright>noop</onright>
          <onup>9000</onup>
          <ondown>9000</ondown>
          <itemgap>0</itemgap>
          <scrolltime>280</scrolltime>
          <defaultcontrol always="true">701</defaultcontrol>
          <control type="radiobutton" id="701" description="Quit">
            <width>525</width>
			<font>size24</font>
			<label>31983</label>
            <onclick>Skin.Reset(shutdown)</onclick>
            <selected>IsEmpty(Skin.String(shutdown))</selected>
          </control>
          <control type="radiobutton" id="702" description="Suspend">
            <width>525</width>
			<font>size24</font>
			<enable>System.CanSuspend</enable>
            <label>$LOCALIZE[13011]</label>
            <onclick>Skin.SetString(shutdown,suspend)</onclick>
            <selected>StringCompare(Skin.String(shutdown),suspend)</selected>
          </control>
          <control type="radiobutton" id="703" description="Hibernate">
            <width>525</width>
			<font>size24</font>
			<enable>System.CanHibernate</enable>
            <label>$LOCALIZE[13010]</label>
            <onclick>Skin.SetString(shutdown,hibernate)</onclick>
            <selected>StringCompare(Skin.String(shutdown),hibernate)</selected>
          </control>
          <control type="radiobutton" id="704" description="Shutdown">
            <width>525</width>
			<font>size24</font>
			<enable>System.CanPowerdown</enable>
            <label>13005</label>
            <onclick>Skin.SetString(shutdown,powerdown)</onclick>
            <selected>StringCompare(Skin.String(shutdown),powerdown)</selected>
          </control>
          <control type="radiobutton" id="705" description="Reboot">
            <width>525</width>
			<font>size24</font>
			<enable>System.CanReboot</enable>
            <label>$LOCALIZE[13013]</label>
            <onclick>Skin.SetString(shutdown,reboot)</onclick>
            <selected>StringCompare(Skin.String(shutdown),reboot)</selected>
          </control>
          <control type="radiobutton" id="706" description="Quit">
            <width>525</width>
			<font>size24</font>
			<label>$LOCALIZE[13009]</label>
            <onclick>Skin.SetString(shutdown,quit)</onclick>
            <selected>StringCompare(Skin.String(shutdown),quit)</selected>
          </control>
        </control>
      </control>
    </control>
  </controls>
</window>
