<?xml version="1.0" encoding="UTF-8"?>
<window type="dialog" id="1115">
  <defaultcontrol always="true">9000</defaultcontrol>
  <include>DialogOpenClose</include>
  <controls>
  
   <control type="group" description="Side menu 9000 group">
      <visible allowhiddenfocus="true">ControlGroup(9000).HasFocus()</visible>
      <include>DialogOpenCloseVisible</include>
      <control type="image" description="List back">
        <posx>459</posx>
        <posy>168</posy>
        <width>1002</width>
        <height>612</height>
        <aspectratio>stretch</aspectratio>
        <texture border="136,127,128,139">img/Dialog.png</texture>
      </control>
      <control type="grouplist" id="9000">
        <include>9000GrouplistParameters</include>
          <control type="button" id="701" description="Video">
            <include>9000Buttons</include>
            <label>3</label>
            <onclick>Close</onclick>
            <onclick>ActivateWindow(Videos,files,return)</onclick>
          </control>
          <control type="button" id="702" description="Music">
            <include>9000Buttons</include>
            <label>$LOCALIZE[2]</label>
            <onclick>Close</onclick>
            <onclick>ActivateWindow(MusicFiles,root)</onclick>
          </control>
          <control type="button" id="703" description="Addons">
            <include>9000Buttons</include>
            <label>$LOCALIZE[24001]</label>
            <onclick>Close</onclick>
            <onclick>ActivateWindow(AddonBrowser,root)</onclick>
          </control>
        </control>
    </control>
  </controls>
</window>
