<?xml version="1.0" encoding="UTF-8"?>
<window>
  <type>dialog</type>
  <zorder>2</zorder>
  <animation effect="slide" start="0,-100" end="0,0" time="100">WindowOpen</animation>
  <animation effect="slide" start="0,0" end="0,-100" delay="400" time="100">WindowClose</animation>
  <controls>
    <control type="image" description="background">
      <posx>660</posx>
      <posy>6</posy>
      <width>600</width>
      <height>90</height>
      <aspectratio>stretch</aspectratio>
      <texture border="12">img/KaiDialogBG.png</texture>
    </control>
    <control type="group">
      <posx>555</posx>
      <posy>18</posy>
      <control type="group">
        <posx>120</posx>
        <posy>3</posy>
        <control type="image" id="400" description="File Icon">
          <posx>0</posx>
          <posy>0</posy>
          <width>60</width>
          <height>60</height>
          <aspectratio align="left" aligny="center">keep</aspectratio>
          <texture>DefaultIconInfo.png</texture>
        </control>
        <control type="image" id="403" description="Default Icon">
          <posx>0</posx>
          <posy>0</posy>
          <width>60</width>
          <height>60</height>
          <aspectratio align="left" aligny="center">keep</aspectratio>
          <visible>false</visible>
          <texture>DefaultIconInfo.png</texture>
        </control>
        <control type="image" id="404" description="Default Warning">
          <posx>0</posx>
          <posy>0</posy>
          <width>60</width>
          <height>60</height>
          <aspectratio align="left" aligny="center">keep</aspectratio>
          <visible>false</visible>
          <texture>DefaultIconWarning.png</texture>
        </control>
        <control type="image" id="405" description="Default Error">
          <posx>0</posx>
          <posy>0</posy>
          <width>60</width>
          <height>60</height>
          <aspectratio>keep</aspectratio>
          <visible>false</visible>
          <texture>DefaultIconError.png</texture>
        </control>
        <control type="label" id="401" description="Heading">
          <posx>75</posx>
          <posy>-6</posy>
          <width>480</width>
          <height>27</height>
          <font>size17</font>
          <align>left</align>
          <aligny>bottom</aligny>
          <scroll>true</scroll>
          <label>-</label>
        </control>
        <control type="label" id="402" description="Message">
          <posx>75</posx>
          <posy>27</posy>
          <width>480</width>
          <height>27</height>
          <scroll>true</scroll>
          <font>size17</font>
          <align>left</align>
          <aligny>bottom</aligny>
          <label>-</label>
        </control>
      </control>
    </control>
  </controls>
</window>
