<?xml version="1.0" encoding="UTF-8"?>
<window>
  <defaultcontrol always="true">10</defaultcontrol>
  <include>DialogOpenClose</include>
  <controls>
    <control type="group">
      <posx>480</posx>
      <posy>360</posy>
      <control type="image">
        <posx>-210</posx>
        <posy>-150</posy>
        <width>1360</width>
        <height>740</height>
        <texture border="136,127,128,139">img/Dialog.png</texture>
      </control>
      <control type="label" id="1" description="Heading">
        <posx>0</posx>
        <label>-</label>
        <width>960</width>
        <font>size28</font>
        <align>center</align>
      </control>
      <control type="label" id="2" description="Line 1">
        <posx>0</posx>
        <posy>108</posy>
        <label>-</label>
        <width>960</width>
        <align>center</align>
        <scroll>true</scroll>
      </control>
      <control type="label" id="3" description="Line 2">
        <posx>0</posx>
        <posy>156</posy>
        <label>-</label>
        <width>960</width>
        <align>center</align>
        <scroll>true</scroll>
      </control>
      <control type="label" id="4" description="Line 3">
        <posx>0</posx>
        <posy>204</posy>
        <label>-</label>
        <width>960</width>
        <align>center</align>
        <scroll>true</scroll>
      </control>
      <control type="button" id="10" description="No">
        <posx>188</posx>
        <posy>315</posy>
        <width>270</width>
        <label>106</label>
        <onleft>11</onleft>
        <onright>11</onright>
        <onup>10</onup>
        <ondown>10</ondown>
        <texturefocus border="5">img/ButtonFO.png</texturefocus>
      </control>
      <control type="button" id="11" description="Yes">
        <posx>502</posx>
        <posy>315</posy>
        <width>270</width>
        <label>107</label>
        <onleft>10</onleft>
        <onright>10</onright>
        <onup>11</onup>
        <ondown>11</ondown>
        <texturefocus border="5">img/ButtonFO.png</texturefocus>
      </control>
    </control>
  </controls>
</window>
