<?xml version="1.0" encoding="UTF-8"?>
<window>
  <defaultcontrol always="true">50</defaultcontrol>
  <controls>
    <control type="group" description="List 50">
      <visible>Control.IsVisible(50)</visible>
      <control type="group" description="Thumbs no info">
        <posy>240</posy>
        <visible>ListItem.IsFolder</visible>
        <animation effect="fade" time="400">Visible</animation>
        <animation effect="fade" time="0">Hidden</animation>
        <control type="image" description="Thumb Reflection">
          <posx>180</posx>
          <posy>720</posy>
          <width>621</width>
          <height>720</height>
          <include>Icon_Fade</include>
          <texture background="true" diffuse="img/Reflection0Long.png" flipy="true">$INFO[ListItem.Thumb]</texture>
          <aspectratio aligny="top">keep</aspectratio>
        </control>
        <control type="image" description="Thumb">
          <posx>180</posx>
          <posy>0</posy>
          <width>621</width>
          <height>720</height>
          <include>Icon_Fade</include>
          <texture fallback="PhotoFolder.png" background="true">$INFO[ListItem.Icon]</texture>
          <aspectratio aligny="bottom">keep</aspectratio>
        </control>
        <control type="image" description="Thumb">
          <posx>180</posx>
          <posy>0</posy>
          <width>621</width>
          <height>720</height>
          <include>Icon_Fade</include>
          <bordertexture border="3">img/CoverOverlay0.png</bordertexture>
          <texture diffuse="img/DiffuseE.png" background="true">$INFO[ListItem.Thumb]</texture>
          <aspectratio aligny="bottom">keep</aspectratio>
        </control>
      </control>
      <control type="group" description="Slider and List">
        <include>SlimListItemCount</include>
        <posx>1020</posx>
        <posy>141</posy>
        <include>SlimListSlider</include>
        <control type="fixedlist" id="50">
          <visible>IsEmpty(Container.FolderName)</visible>
          <posx>0</posx>
          <posy>0</posy>
          <width>802</width>
          <height>891</height>
          <onleft condition="!Skin.HasSetting(ViewOptions_Hide)">9000</onleft>
          <onright condition="Skin.HasSetting(Scrollbars_Active)">60</onright>
          <onup>50</onup>
          <ondown>50</ondown>
          <pagecontrol>60</pagecontrol>
          <viewtype label="535">List</viewtype>
          <focusposition>5</focusposition>
          <movement>5</movement>
          <preloaditems>4</preloaditems>
          <scrolltime tween="sine" easing="inout">280</scrolltime>
          <itemlayout width="802" height="81">
            <include>ArrowNF</include>
            <control type="label" description="Main Label">
              <include>52MainLabel</include>
              <label>$INFO[ListItem.Label]</label>
            </control>
          </itemlayout>
          <focusedlayout width="802" height="81">
            <include>ArrowFO</include>
            <control type="label" description="Main Label">
              <include>52MainLabelFO</include>
              <label>$INFO[ListItem.Label]</label>
            </control>
          </focusedlayout>
        </control>
      </control>
      <include>SlimListFade</include>
      <control type="scrollbar" id="60">
        <posx>51r</posx>
        <posy>147</posy>
        <height>882</height>
        <onleft>50</onleft>
        <onright>noop</onright>
      </control>
    </control>
    <control type="group" description="51">
      <visible>Control.IsVisible(51)</visible>
      <control type="group" description="Thumbs no info">
        <posy>240</posy>
        <animation effect="fade" time="400">Visible</animation>
        <animation effect="fade" time="0">Hidden</animation>
        <control type="image" description="Thumb Reflection">
          <posx>180</posx>
          <posy>720</posy>
          <width>621</width>
          <height>720</height>
          <include>Icon_Fade</include>
          <texture background="true" diffuse="img/Reflection0Long.png" flipy="true">$INFO[ListItem.Thumb]</texture>
          <aspectratio aligny="top">keep</aspectratio>
        </control>
        <control type="image" description="Thumb">
          <visible>!Container.content(addons)</visible>
          <posx>180</posx>
          <posy>0</posy>
          <width>621</width>
          <height>720</height>
          <include>Icon_Fade</include>
          <texture fallback="PhotoFolder.png" background="true">$INFO[ListItem.Icon]</texture>
          <aspectratio aligny="bottom">keep</aspectratio>
        </control>
        <control type="image" description="Thumb">
          <visible>Container.content(addons)</visible>
          <posx>180</posx>
          <posy>0</posy>
          <width>621</width>
          <height>720</height>
          <include>Icon_Fade</include>
          <texture background="true">$INFO[ListItem.Icon]</texture>
          <aspectratio aligny="bottom">keep</aspectratio>
        </control>
        <control type="image" description="Thumb">
          <posx>180</posx>
          <posy>0</posy>
          <width>621</width>
          <height>720</height>
          <include>Icon_Fade</include>
          <bordertexture border="3">img/CoverOverlay0.png</bordertexture>
          <texture diffuse="img/DiffuseE.png" background="true">$INFO[ListItem.Thumb]</texture>
          <aspectratio aligny="bottom">keep</aspectratio>
        </control>
      </control>
      <control type="group" description="Slider and List">
        <include>LargeListItemCount</include>
        <posx>1020</posx>
        <posy>141</posy>
        <control type="fixedlist" id="51">
          <visible>!IsEmpty(Container.FolderName)</visible>
          <posx>0</posx>
          <posy>0</posy>
          <width>802</width>
          <height>888</height>
          <onleft condition="!Skin.HasSetting(ViewOptions_Hide)">9000</onleft>
          <onright condition="Skin.HasSetting(Scrollbars_Active)">60</onright>
          <onup>51</onup>
          <ondown>51</ondown>
          <pagecontrol>60</pagecontrol>
          <viewtype label="537">Big list</viewtype>
          <focusposition>3</focusposition>
          <movement>4</movement>
          <preloaditems>4</preloaditems>
          <scrolltime tween="sine" easing="inout">280</scrolltime>
          <include>LargeListAddonsLayout</include>
          <itemlayout width="802" height="111">
            <include>ListBG</include>
            <control type="image">
              <posx>0</posx>
              <posy>0</posy>
              <height>111</height>
              <width>111</width>
              <bordersize>6</bordersize>
              <texture fallback="PhotoFolder.png" background="true">$INFO[ListItem.Icon]</texture>
              <aspectratio>scale</aspectratio>
            </control>
            <control type="image">
              <posx>0</posx>
              <posy>0</posy>
              <height>111</height>
              <width>111</width>
              <bordersize>6</bordersize>
              <texture border="3">img/CoverOverlay0.png</texture>
            </control>
            <control type="label" description="Main Label">
              <scroll>false</scroll>
              <textcolor>White</textcolor>
              <include>51MainLabel</include>
              <label>$INFO[ListItem.Label]</label>
            </control>
            <control type="label" description="Label2">
              <scroll>false</scroll>
              <textcolor>Grey</textcolor>
              <include>51Label2</include>
              <label>$INFO[ListItem.Date]$INFO[ListItem.Size, • ]</label>
            </control>
          </itemlayout>
          <focusedlayout width="802" height="111">
            <include>ListBG</include>
            <control type="image">
              <posx>0</posx>
              <posy>0</posy>
              <height>111</height>
              <width>111</width>
              <bordersize>6</bordersize>
              <texture fallback="PhotoFolder.png" background="true">$INFO[ListItem.Icon]</texture>
              <aspectratio>scale</aspectratio>
            </control>
            <control type="image">
              <posx>0</posx>
              <posy>0</posy>
              <height>111</height>
              <width>111</width>
              <bordersize>6</bordersize>
              <texture border="3">img/CoverOverlay0.png</texture>
            </control>
            <control type="label" description="Main Label">
              <include>51MainLabel</include>
              <textcolor>White2</textcolor>
              <label>$INFO[ListItem.Label]</label>
            </control>
            <control type="label" description="Label2">
              <scroll>false</scroll>
              <textcolor>Grey</textcolor>
              <include>51Label2</include>
              <label>$INFO[ListItem.Date]$INFO[ListItem.Size, • ]</label>
            </control>
          </focusedlayout>
        </control>
        <include>LargeListSlider</include>
      </control>
      <include>LargeListFade</include>
      <control type="scrollbar" id="60">
        <posx>51r</posx>
        <posy>135</posy>
        <height>870</height>
        <onleft>51</onleft>
        <onright>noop</onright>
      </control>
    </control>
    <control type="group">
      <visible>Control.IsVisible(53)</visible>
      <control type="group" description="Container and frame">
        <control type="panel" id="53" description="_53">
          <viewtype label="536">Icons</viewtype>
          <posx>60</posx>
          <posy>150</posy>
          <width>1800</width>
          <height>903</height>
          <orientation>vertical</orientation>
          <onup>noop</onup>
          <ondown>noop</ondown>
          <onleft condition="!Skin.HasSetting(ViewOptions_Hide)">9000</onleft>
          <onright condition="Skin.HasSetting(Scrollbars_Active)">60</onright>
          <preloaditems>4</preloaditems>
          <pagecontrol>60</pagecontrol>
          <scrolltime>400</scrolltime>
          <itemlayout height="300" width="300">
            <control type="image">
              <posx>22</posx>
              <posy>24</posy>
              <width>255</width>
              <height>255</height>
              <texture background="true">$INFO[ListItem.Icon]</texture>
              <aspectratio>scale</aspectratio>
            </control>
            <control type="image">
              <visible>ListItem.IsFolder + IsEmpty(ListItem.Thumb) + !StringCompare(ListItem.Label,..)</visible>
              <posx>22</posx>
              <posy>24</posy>
              <width>255</width>
              <height>255</height>
              <texture>PhotoFolder.png</texture>
              <aspectratio>scale</aspectratio>
            </control>
            <control type="image">
              <posx>22</posx>
              <posy>24</posy>
              <width>255</width>
              <height>255</height>
              <texture border="3">img/CoverOverlay0.png</texture>
              <aspectratio>stretch</aspectratio>
            </control>
          </itemlayout>
          <focusedlayout height="300" width="300">
            <control type="image">
              <posx>22</posx>
              <posy>24</posy>
              <width>255</width>
              <height>255</height>
              <texture background="true">$INFO[ListItem.Icon]</texture>
              <aspectratio>scale</aspectratio>
            </control>
            <control type="image">
              <visible>ListItem.IsFolder + IsEmpty(ListItem.Thumb) + !StringCompare(ListItem.Label,..)</visible>
              <posx>22</posx>
              <posy>24</posy>
              <width>255</width>
              <height>255</height>
              <texture>PhotoFolder.png</texture>
              <aspectratio>scale</aspectratio>
            </control>
            <control type="image">
              <posx>22</posx>
              <posy>24</posy>
              <width>255</width>
              <height>255</height>
              <texture border="3">img/CoverOverlay0.png</texture>
              <aspectratio>stretch</aspectratio>
            </control>
            <control type="label">
              <animation effect="fade" start="0" end="100" time="200" delay="100">Focus</animation>
              <visible>IsEmpty(ListItem.Thumb)</visible>
              <posx>150</posx>
              <posy>228</posy>
              <width>270</width>
              <height>45</height>
              <font>size18</font>
              <textcolor>White</textcolor>
              <shadowcolor>Black</shadowcolor>
              <align>center</align>
              <label>[B]$INFO[ListItem.Label][/B]</label>
            </control>
          </focusedlayout>
        </control>
        <control type="group" description="Frame Sliders">
          <animation condition="Control.HasFocus(60)" effect="slide" start="0,0" end="1890,540" time="200" reversible="true">Conditional</animation>
          <animation condition="Control.HasFocus(60)" effect="zoom" start="100" end="0" time="200" reversible="true">Conditional</animation>
          <animation condition="Control.HasFocus(60)" effect="fade" start="100" end="0" time="200" reversible="true">Conditional</animation>
          <control type="image">
            <posx>55</posx>
            <posy>147</posy>
            <width>309</width>
            <height>309</height>
            <texture border="28">img/Frame25.png</texture>
            <aspectratio>stretch</aspectratio>
            <animation condition="Container.Column(0)" effect="slide" start="0,0" end="0,0" time="200" reversible="true">Conditional</animation>
            <animation condition="Container.Column(1)" effect="slide" start="0,0" end="300,0" time="200" reversible="true">Conditional</animation>
            <animation condition="Container.Column(2)" effect="slide" start="0,0" end="600,0" time="200" reversible="true">Conditional</animation>
            <animation condition="Container.Column(3)" effect="slide" start="0,0" end="900,0" time="200" reversible="true">Conditional</animation>
            <animation condition="Container.Column(4)" effect="slide" start="0,0" end="1200,0" time="200" reversible="true">Conditional</animation>
            <animation condition="Container.Column(5)" effect="slide" start="0,0" end="1500,0" time="200" reversible="true">Conditional</animation>
            <animation condition="Container.Row(0)" effect="slide" start="0,0" end="0,0" time="200" reversible="true">Conditional</animation>
            <animation condition="Container.Row(1)" effect="slide" start="0,0" end="0,300" time="200" reversible="true">Conditional</animation>
            <animation condition="Container.Row(2)" effect="slide" start="0,0" end="0,600" time="200" reversible="true">Conditional</animation>
          </control>
        </control>
      </control>
      <control type="image" description="Line Split">
        <posx>82</posx>
        <posy>134</posy>
        <width>1748</width>
        <height>1</height>
        <texture>img/LineL.png</texture>
        <aspectratio>stretch</aspectratio>
      </control>
      <control type="grouplist" description="Media Header">
        <posx>82</posx>
        <posy>24</posy>
        <width>930</width>
        <height>75</height>
        <align>left</align>
        <aligny>bottom</aligny>
        <orientation>horizontal</orientation>
        <control type="label" id="7777" description="Heading">
          <width min="60" max="930">auto</width>
          <height>75</height>
          <textcolor>White2</textcolor>
          <font>size28</font>
          <label>$VAR[GlobalHeadings]</label>
        </control>
        <control type="label" description="Number of files">
          <visible>!IsEmpty(Control.GetLabel(7777))</visible>
          <width min="60" max="120">auto</width>
          <height>81</height>
          <font>size17</font>
          <textcolor>Grey</textcolor>
          <label>$INFO[Container.NumItems,  (,)]</label>
        </control>
      </control>
      <control type="label" description="Media details">
        <posx>82</posx>
        <posy>87</posy>
        <width>1200</width>
        <textcolor>Silver</textcolor>
        <include>Genre51Commons</include>
        <label>$INFO[ListItem.label][COLOR=Grey]$VAR[TopLabel,  ][/COLOR]</label>
      </control>
      <control type="image" description="Bottom fade">
        <animation condition="Container(53).Row(0)" effect="fade" start="100" end="0" time="140" reversible="true">Conditional</animation>
        <posx>60</posx>
        <posy>150</posy>
        <width>1800</width>
        <height>120</height>
        <texture flipy="true">img/DefaultGradient.png</texture>
        <aspectratio>stretch</aspectratio>
      </control>
      <control type="image" description="Bottom fade">
        <animation condition="Container(53).Row(2)" effect="fade" start="100" end="0" time="140" reversible="true">Conditional</animation>
        <posx>60</posx>
        <posy>930</posy>
        <width>1800</width>
        <height>150</height>
        <texture>img/DefaultGradient.png</texture>
        <aspectratio>stretch</aspectratio>
      </control>
      <control type="scrollbar" id="60">
        <posx>45r</posx>
        <posy>144</posy>
        <height>900</height>
        <onleft>53</onleft>
        <onright>9000</onright>
      </control>
    </control>
    <control type="group" description="Side menu 9000 group">
      <visible allowhiddenfocus="true">ControlGroup(9000).HasFocus()</visible>
      <include>DialogOpenCloseVisible</include>
      <control type="image" description="List back">
        <posx>459</posx>
        <posy>168</posy>
        <width>1002</width>
        <height>762</height>
        <aspectratio>stretch</aspectratio>
        <texture border="136,127,128,139">img/Dialog.png</texture>
      </control>
      <control type="grouplist" id="9000">
        <include>9000GrouplistParameters</include>
        <control type="button" id="2" description="Views">
          <include>9000Buttons</include>
        </control>
        <control type="button" id="3" description="Sort">
          <include>9000Buttons</include>
        </control>
        <control type="togglebutton" id="4" description="SortMode">
          <alttexturenofocus>-</alttexturenofocus>
          <include>9000Buttons</include>
          <label>$LOCALIZE[21429]: $LOCALIZE[21430]</label>
          <altlabel>$LOCALIZE[21429]: $LOCALIZE[21431]</altlabel>
        </control>
        <control type="button" id="6" description="Slideshow">
          <disabledcolor>Disabled</disabledcolor>
          <include>9000Buttons</include>
          <label>108</label>
          <visible>!ListItem.IsFolder</visible>
        </control>
        <control type="button" id="7" description="Recursive slideshow">
          <disabledcolor>Disabled</disabledcolor>
          <include>9000Buttons</include>
          <label>13318</label>
          <visible>ListItem.IsFolder</visible>
        </control>
        <control type="radiobutton" id="9" description="Randomize">
          <include>9000Buttons</include>
          <label>13319</label>
        </control>
        <control type="togglebutton" id="699" description="Playing">
          <enable>Player.HasMedia</enable>
          <include>9000Buttons</include>
          <label>$LOCALIZE[16003]</label>
          <altlabel>$LOCALIZE[31977]</altlabel>
          <usealttexture>Player.HasMedia</usealttexture>
          <onclick>fullscreen</onclick>
          <altclick>fullscreen</altclick>
          <animation effect="fade" start="100" end="60" time="100" condition="!Player.HasMedia">Conditional</animation>
        </control>
      </control>
    </control>
    <include>MediaHeader</include>
    <control type="label" description="Heading">
      <visible>IsEmpty(Container.FolderName)</visible>
      <include>HeadingR</include>
      <label>1</label>
    </control>
  </controls>
</window>
