﻿<?xml version="1.0" encoding="UTF-8" standalone="yes"?>
<addon id="plugin.audio.greek.radio" name="Greek Radio" version="1.0.0" provider-name="IWT">
	<requires>
		<import addon="xbmc.addon" version="12.0.0"/>
		<import addon="xbmc.python" version="2.1.0"/>
		<import addon="script.module.parsedom" version="0.9.1"/>
		<import addon="plugin.video.youtube" version="2.9.2"/>
	</requires>
	<extension point="xbmc.python.pluginsource" library="default.py">
		<provides>audio</provides>
	</extension>
	<extension point="xbmc.addon.metadata">
		<summary lang="en">Radio stations from Greece.</summary>
		<description lang="en">Listen to your favourite radio stations from Greece.</description>
		<disclaimer lang="en">Τhis addon offers content available in Greece.</disclaimer>
		<platform>all</platform>
	</extension>
</addon>