<?xml version="1.0" encoding="UTF-8"?>
<window id="1116">
  <defaultcontrol always="true">50</defaultcontrol>
  <include>OpenClose</include>
  <controls>
    <include>MiniBackground</include>
    <control type="label" description="Heading">
      <posx>495</posx>
      <posy>30</posy>
      <width>930</width>
      <height>75</height>
      <align>center</align>
      <aligny>bottom</aligny>
      <font>size28</font>
      <label>513</label>
    </control>
    <control type="image" description="Line top">
      <posx>0</posx>
      <posy>130</posy>
      <width>1920</width>
      <height>1</height>
      <texture>img/Line1.png</texture>
    </control>
    <control type="image" description="Line bottom">
      <posx>0</posx>
      <posy>236</posy>
      <width>1920</width>
      <height>1</height>
      <texture>img/Line1.png</texture>
    </control>
    <control type="group">
      <control type="fixedlist" id="50">
        <posx>60</posx>
        <posy>126</posy>
        <width>1800</width>
        <height>120</height>
        <onleft>noop</onleft>
        <onright>noop</onright>
        <onup>53</onup>
        <ondown>52</ondown>
        <focusposition>1</focusposition>
        <orientation>horizontal</orientation>
        <pagecontrol>60</pagecontrol>
        <scrolltime tween="sine" easing="inout">280</scrolltime>
        <itemlayout width="600" height="120">
          <control type="label" description="Main Label">
            <posx>300</posx>
            <posy>0</posy>
            <height>120</height>
            <width>600</width>
            <align>center</align>
            <font>size24</font>
            <scroll>false</scroll>
            <textcolor>Grey</textcolor>
            <label>$INFO[ListItem.Label]</label>
          </control>
        </itemlayout>
        <focusedlayout width="600" height="120">
          <control type="image" description="Selector">
            <animation type="Conditional" condition="!Control.HasFocus(50)">
              <effect type="fade" start="100" end="0" time="100" reversible="true" />
            </animation>
            <posx>0</posx>
            <posy>1</posy>
            <height>112</height>
            <width>600</width>
            <aspectratio>keep</aspectratio>
            <texture>img/HomeBarFO.png</texture>
          </control>
          <control type="label" description="Main Label">
            <posx>300</posx>
            <posy>0</posy>
            <height>75</height>
            <width>600</width>
            <align>center</align>
            <font>size24</font>
            <scroll>false</scroll>
            <textcolor>White</textcolor>
            <label>$INFO[ListItem.Label]</label>
          </control>
          <control type="label" description="enabled">
            <visible>[!Skin.HasSetting(MoviesSectionHide) + Container(50).HasFocus(1001)] | [!Skin.HasSetting(TVSectionHide) + Container(50).HasFocus(1002)] | [!Skin.HasSetting(MusicSectionHide) + Container(50).HasFocus(1003)] | [!Skin.HasSetting(PicturesSectionHide) + Container(50).HasFocus(1004)] | [!Skin.HasSetting(AddonsSectionHide) + Container(50).HasFocus(1005)] | [Container(50).HasFocus(1006)]</visible>
            <posx>300</posx>
            <posy>60</posy>
            <height>60</height>
            <width>600</width>
            <align>center</align>
            <font>size18</font>
            <textcolor>White</textcolor>
            <label>305</label>
          </control>
          <control type="label" description="disabled">
            <visible>[Skin.HasSetting(MoviesSectionHide) + Container(50).HasFocus(1001)] | [Skin.HasSetting(TVSectionHide) + Container(50).HasFocus(1002)] | [Skin.HasSetting(MusicSectionHide) + Container(50).HasFocus(1003)] | [Skin.HasSetting(PicturesSectionHide) + Container(50).HasFocus(1004)] | [Skin.HasSetting(AddonsSectionHide) + Container(50).HasFocus(1005)]</visible>
            <posx>300</posx>
            <posy>60</posy>
            <height>60</height>
            <width>600</width>
            <align>center</align>
            <font>size18</font>
            <textcolor>White</textcolor>
            <label>1223</label>
          </control>
          <control type="image" description="Icon">
            <visible>[!Skin.HasSetting(MoviesSectionHide) + Container(50).HasFocus(1001)] | [!Skin.HasSetting(TVSectionHide) + Container(50).HasFocus(1002)] | [!Skin.HasSetting(MusicSectionHide) + Container(50).HasFocus(1003)] | [!Skin.HasSetting(PicturesSectionHide) + Container(50).HasFocus(1004)] | [!Skin.HasSetting(AddonsSectionHide) + Container(50).HasFocus(1005)]</visible>
            <posx>75r</posx>
            <posy>0</posy>
            <height>120</height>
            <width>30</width>
            <aspectratio>keep</aspectratio>
            <texture>img/RadioON.png</texture>
          </control>
        </focusedlayout>
        <content>
          <item id="1001" description="Movies">
            <label fallback="20342">$INFO[Skin.String(MoviesName)]</label>
            <onclick>Skin.ToggleSetting(MoviesSectionHide)</onclick>
          </item>
          <item id="1002" description="TV">
            <label fallback="20343">$INFO[Skin.String(TVName)]</label>
            <onclick>Skin.ToggleSetting(TVSectionHide)</onclick>
          </item>
          <item id="1003" description="Music">
            <label fallback="2">$INFO[Skin.String(MusicName)]</label>
            <onclick>Skin.ToggleSetting(MusicSectionHide)</onclick>
          </item>
          <item id="1004" description="Pictures">
            <label fallback="1">$INFO[Skin.String(PicturesName)]</label>
            <onclick>Skin.ToggleSetting(PicturesSectionHide)</onclick>
          </item>
          <item id="1005" description="Addons">
            <label fallback="24001">$INFO[Skin.String(AddonsName)]</label>
            <onclick>Skin.ToggleSetting(AddonsSectionHide)</onclick>
          </item>
          <item id="1006" description="XBMC">
            <label fallback="XBMC">$INFO[Skin.String(XBMCName)]</label>
          <onclick>noop</onclick>
		  </item>
		  
        </content>
      </control>
    </control>
    <control type="grouplist" id="52">
      <posx>600</posx>
      <posy>244</posy>
      <width>720</width>
      <height>766</height>
      <onright>Control.Move(50,1)</onright>
      <onleft>Control.Move(50,-1)</onleft>
      <onup>50</onup>
      <itemgap>0</itemgap>
      <pagecontrol>60</pagecontrol>
      <scrolltime tween="sine" easing="inout">280</scrolltime>
      <control type="button" id="98" description="RENAME">
        <visible>!Skin.HasSetting(MoviesSectionHide) + Container(50).HasFocus(1001)</visible>
        <texturenofocus>-</texturenofocus>
        <texturefocus border="8">img/ButtonFO.png</texturefocus>
        <align>center</align>
        <include>SettingsSubmenuButtons</include>
        <label>- $LOCALIZE[118] $LOCALIZE[21866] -</label>
        <onclick>Skin.SetString(MoviesName)</onclick>
      </control>
      <control type="label" id="99" description="spacer">
        <visible>!Skin.HasSetting(MoviesSectionHide) + Container(50).HasFocus(1001)</visible>
        <align>center</align>
        <height>10</height>
        <include>SettingsSubmenuButtons</include>
        <label>-</label>
      </control>
      <control type="radiobutton" id="100">
        <visible>Library.HasContent(Movies)</visible>
        <visible>!Skin.HasSetting(MoviesSectionHide) + Container(50).HasFocus(1001)</visible>
        <include>SettingsSubmenuButtons</include>
        <label>$LOCALIZE[342]</label>
        <onclick>Skin.ToggleSetting(Movies1)</onclick>
        <selected>!Skin.HasSetting(Movies1)</selected>
      </control>
      <control type="radiobutton" id="101">
        <visible>Library.HasContent(Movies)</visible>
        <visible>!Skin.HasSetting(MoviesSectionHide) + Container(50).HasFocus(1001)</visible>
        <include>SettingsSubmenuButtons</include>
        <label>$LOCALIZE[31020]</label>
        <onclick>Skin.ToggleSetting(Movies2)</onclick>
        <selected>!Skin.HasSetting(Movies2)</selected>
      </control>
      <control type="radiobutton" id="102">
        <visible>Library.HasContent(Movies)</visible>
        <visible>!Skin.HasSetting(MoviesSectionHide) + Container(50).HasFocus(1001)</visible>
        <include>SettingsSubmenuButtons</include>
        <label>$LOCALIZE[135]</label>
        <onclick>Skin.ToggleSetting(Movies3)</onclick>
        <selected>!Skin.HasSetting(Movies3)</selected>
      </control>
      <control type="button" id="103">
        <visible>!Skin.HasSetting(MoviesSectionHide) + Container(50).HasFocus(1001)</visible>
        <include>SettingsSubmenuButtons</include>
        <label>- $LOCALIZE[1036] 1</label>
        <label2>$INFO[Skin.String(CustomMovies.1.Label)]</label2>
        <onclick>RunScript(script.favourites,property=CustomMovies.1)</onclick>
      </control>
      <control type="button" id="104">
        <visible>!Skin.HasSetting(MoviesSectionHide) + Container(50).HasFocus(1001)</visible>
        <include>SettingsSubmenuButtons</include>
        <label>- $LOCALIZE[1036] 2</label>
        <label2>$INFO[Skin.String(CustomMovies.2.Label)]</label2>
        <onclick>RunScript(script.favourites,property=CustomMovies.2)</onclick>
      </control>
      <control type="button" id="105">
        <visible>!Skin.HasSetting(MoviesSectionHide) + Container(50).HasFocus(1001)</visible>
        <include>SettingsSubmenuButtons</include>
        <label>- $LOCALIZE[1036] 3</label>
        <label2>$INFO[Skin.String(CustomMovies.3.Label)]</label2>
        <onclick>RunScript(script.favourites,property=CustomMovies.3)</onclick>
      </control>
      <control type="button" id="106">
        <visible>!Skin.HasSetting(MoviesSectionHide) + Container(50).HasFocus(1001)</visible>
        <include>SettingsSubmenuButtons</include>
        <label>- $LOCALIZE[1036] 4</label>
        <label2>$INFO[Skin.String(CustomMovies.4.Label)]</label2>
        <onclick>RunScript(script.favourites,property=CustomMovies.4)</onclick>
      </control>
      <control type="button" id="107">
        <visible>!Skin.HasSetting(MoviesSectionHide) + Container(50).HasFocus(1001)</visible>
        <include>SettingsSubmenuButtons</include>
        <label>- $LOCALIZE[1036] 5</label>
        <label2>$INFO[Skin.String(CustomMovies.5.Label)]</label2>
        <onclick>RunScript(script.favourites,property=CustomMovies.5)</onclick>
      </control>
      <control type="button" id="108">
        <visible>!Skin.HasSetting(MoviesSectionHide) + Container(50).HasFocus(1001)</visible>
        <include>SettingsSubmenuButtons</include>
        <label>- $LOCALIZE[1036] 6</label>
        <label2>$INFO[Skin.String(CustomMovies.6.Label)]</label2>
        <onclick>RunScript(script.favourites,property=CustomMovies.6)</onclick>
      </control>
      <control type="button" id="109">
        <visible>!Skin.HasSetting(MoviesSectionHide) + Container(50).HasFocus(1001)</visible>
        <include>SettingsSubmenuButtons</include>
        <label>- $LOCALIZE[1036] 7</label>
        <label2>$INFO[Skin.String(CustomMovies.7.Label)]</label2>
        <onclick>RunScript(script.favourites,property=CustomMovies.7)</onclick>
      </control>
      <control type="radiobutton" id="110" description="Files">
        <visible>!Skin.HasSetting(MoviesSectionHide) + Container(50).HasFocus(1001)</visible>
        <include>SettingsSubmenuButtons</include>
        <label>$LOCALIZE[1024]</label>
        <onclick>Skin.ToggleSetting(Movies4)</onclick>
        <selected>!Skin.HasSetting(Movies4)</selected>
      </control>
      <control type="radiobutton" id="111">
        <visible>Library.HasContent(Movies)</visible>
        <visible>!Skin.HasSetting(MoviesSectionHide) + Container(50).HasFocus(1001)</visible>
        <include>SettingsSubmenuButtons</include>
        <label>$LOCALIZE[137]</label>
        <onclick>Skin.ToggleSetting(Movies5)</onclick>
        <selected>!Skin.HasSetting(Movies5)</selected>
      </control>
      <!--<control type="radiobutton" id="112">
        <visible>Library.HasContent(Movies)</visible>
        <visible>!Skin.HasSetting(MoviesSectionHide) + Container(50).HasFocus(1001)</visible>
        <include>SettingsSubmenuButtons</include>
        <label>$LOCALIZE[653]</label>
        <onclick>Skin.ToggleSetting(Movies6)</onclick>
        <selected>!Skin.HasSetting(Movies6)</selected>
      </control>-->
      <control type="button" id="199" description="RENAME">
        <visible>!Skin.HasSetting(TVSectionHide) + Container(50).HasFocus(1002)</visible>
        <texturenofocus>-</texturenofocus>
        <texturefocus border="8">img/ButtonFO.png</texturefocus>
        <align>center</align>
        <include>SettingsSubmenuButtons</include>
        <label>- $LOCALIZE[118] $LOCALIZE[21866] -</label>
        <onclick>Skin.SetString(TVName)</onclick>
      </control>
      <control type="label" id="200" description="spacer">
        <visible>!Skin.HasSetting(TVSectionHide) + Container(50).HasFocus(1002)</visible>
        <align>center</align>
        <height>10</height>
        <include>SettingsSubmenuButtons</include>
        <label>-</label>
      </control>
      <control type="radiobutton" id="201">
        <visible>Library.HasContent(TVShows)</visible>
        <visible>!Skin.HasSetting(TVSectionHide) + Container(50).HasFocus(1002)</visible>
        <include>SettingsSubmenuButtons</include>
        <label>$LOCALIZE[20343]</label>
        <onclick>Skin.ToggleSetting(TV1)</onclick>
        <selected>!Skin.HasSetting(TV1)</selected>
      </control>
      <control type="radiobutton" id="202">
        <visible>Library.HasContent(TVShows)</visible>
        <visible>!Skin.HasSetting(TVSectionHide) + Container(50).HasFocus(1002)</visible>
        <include>SettingsSubmenuButtons</include>
        <label>$LOCALIZE[31020]</label>
        <onclick>Skin.ToggleSetting(TV2)</onclick>
        <selected>!Skin.HasSetting(TV2)</selected>
      </control>
      <control type="radiobutton" id="203">
        <visible>Library.HasContent(TVShows)</visible>
        <visible>!Skin.HasSetting(TVSectionHide) + Container(50).HasFocus(1002)</visible>
        <include>SettingsSubmenuButtons</include>
        <label>$LOCALIZE[575]</label>
        <onclick>Skin.ToggleSetting(TV5)</onclick>
        <selected>!Skin.HasSetting(TV5)</selected>
      </control>
      <control type="button" id="204">
        <visible>!Skin.HasSetting(TVSectionHide) + Container(50).HasFocus(1002)</visible>
        <include>SettingsSubmenuButtons</include>
        <label>- $LOCALIZE[1036] 1</label>
        <label2>$INFO[Skin.String(CustomTV.1.Label)]</label2>
        <onclick>RunScript(script.favourites,property=CustomTV.1)</onclick>
      </control>
      <control type="button" id="205">
        <visible>!Skin.HasSetting(TVSectionHide) + Container(50).HasFocus(1002)</visible>
        <include>SettingsSubmenuButtons</include>
        <label>- $LOCALIZE[1036] 2</label>
        <label2>$INFO[Skin.String(CustomTV.2.Label)]</label2>
        <onclick>RunScript(script.favourites,property=CustomTV.2)</onclick>
      </control>
      <control type="button" id="206">
        <visible>!Skin.HasSetting(TVSectionHide) + Container(50).HasFocus(1002)</visible>
        <include>SettingsSubmenuButtons</include>
        <label>- $LOCALIZE[1036] 3</label>
        <label2>$INFO[Skin.String(CustomTV.3.Label)]</label2>
        <onclick>RunScript(script.favourites,property=CustomTV.3)</onclick>
      </control>
      <control type="button" id="207">
        <visible>!Skin.HasSetting(TVSectionHide) + Container(50).HasFocus(1002)</visible>
        <include>SettingsSubmenuButtons</include>
        <label>- $LOCALIZE[1036] 4</label>
        <label2>$INFO[Skin.String(CustomTV.4.Label)]</label2>
        <onclick>RunScript(script.favourites,property=CustomTV.4)</onclick>
      </control>
      <control type="button" id="208">
        <visible>!Skin.HasSetting(TVSectionHide) + Container(50).HasFocus(1002)</visible>
        <include>SettingsSubmenuButtons</include>
        <label>- $LOCALIZE[1036] 5</label>
        <label2>$INFO[Skin.String(CustomTV.5.Label)]</label2>
        <onclick>RunScript(script.favourites,property=CustomTV.5)</onclick>
      </control>
      <control type="button" id="209">
        <visible>!Skin.HasSetting(TVSectionHide) + Container(50).HasFocus(1002)</visible>
        <include>SettingsSubmenuButtons</include>
        <label>- $LOCALIZE[1036] 6</label>
        <label2>$INFO[Skin.String(CustomTV.6.Label)]</label2>
        <onclick>RunScript(script.favourites,property=CustomTV.6)</onclick>
      </control>
      <control type="button" id="210">
        <visible>!Skin.HasSetting(TVSectionHide) + Container(50).HasFocus(1002)</visible>
        <include>SettingsSubmenuButtons</include>
        <label>- $LOCALIZE[1036] 7</label>
        <label2>$INFO[Skin.String(CustomTV.7.Label)]</label2>
        <onclick>RunScript(script.favourites,property=CustomTV.7)</onclick>
      </control>
      <control type="radiobutton" id="211" description="Files browse">
        <visible>!Skin.HasSetting(TVSectionHide) + Container(50).HasFocus(1002)</visible>
        <include>SettingsSubmenuButtons</include>
        <label>$LOCALIZE[1024]</label>
        <onclick>Skin.ToggleSetting(TV3)</onclick>
        <selected>!Skin.HasSetting(TV3)</selected>
      </control>
      <control type="radiobutton" id="212" description="Search">
        <visible>Library.HasContent(TVShows)</visible>
        <visible>!Skin.HasSetting(TVSectionHide) + Container(50).HasFocus(1002)</visible>
        <include>SettingsSubmenuButtons</include>
        <label>$LOCALIZE[137]</label>
        <onclick>Skin.ToggleSetting(TV4)</onclick>
        <selected>!Skin.HasSetting(TV4)</selected>
      </control>
      <!--<control type="radiobutton" id="213">
        <visible>Library.HasContent(TVShows)</visible>
        <visible>!Skin.HasSetting(TVSectionHide) + Container(50).HasFocus(1002)</visible>
        <include>SettingsSubmenuButtons</include>
        <label>$LOCALIZE[653]</label>
        <onclick>Skin.ToggleSetting(TV6)</onclick>
        <selected>!Skin.HasSetting(TV6)</selected>
      </control>-->
      <control type="button" id="299" description="RENAME">
        <visible>!Skin.HasSetting(MusicSectionHide) + Container(50).HasFocus(1003)</visible>
        <texturenofocus>-</texturenofocus>
        <texturefocus border="8">img/ButtonFO.png</texturefocus>
        <align>center</align>
        <include>SettingsSubmenuButtons</include>
        <label>- $LOCALIZE[118] $LOCALIZE[21866] -</label>
        <onclick>Skin.SetString(MusicName)</onclick>
      </control>
      <control type="label" id="300" description="spacer">
        <visible>!Skin.HasSetting(MusicSectionHide) + Container(50).HasFocus(1003)</visible>
        <align>center</align>
        <height>10</height>
        <include>SettingsSubmenuButtons</include>
        <label>-</label>
      </control>
      <control type="radiobutton" id="301" description="Artists">
        <visible>Library.HasContent(Music)</visible>
        <visible>!Skin.HasSetting(MusicSectionHide) + Container(50).HasFocus(1003)</visible>
        <include>SettingsSubmenuButtons</include>
        <label>$LOCALIZE[133]</label>
        <onclick>Skin.ToggleSetting(Music1)</onclick>
        <selected>!Skin.HasSetting(Music1)</selected>
      </control>
      <control type="radiobutton" id="302" description="Music Videos">
        <visible>Library.HasContent(MusicVideos)</visible>
        <visible>!Skin.HasSetting(MusicSectionHide) + Container(50).HasFocus(1003)</visible>
        <include>SettingsSubmenuButtons</include>
        <label>$LOCALIZE[20389]</label>
        <onclick>Skin.ToggleSetting(Music2)</onclick>
        <selected>!Skin.HasSetting(Music2)</selected>
      </control>
      <control type="radiobutton" id="303" description="Library">
        <visible>Library.HasContent(Music)</visible>
        <visible>!Skin.HasSetting(MusicSectionHide) + Container(50).HasFocus(1003)</visible>
        <include>SettingsSubmenuButtons</include>
        <label>$LOCALIZE[14022]</label>
        <onclick>Skin.ToggleSetting(Music3)</onclick>
        <selected>!Skin.HasSetting(Music3)</selected>
      </control>
      <control type="radiobutton" id="304" description="Files">
        <visible>!Skin.HasSetting(MusicSectionHide) + Container(50).HasFocus(1003)</visible>
        <include>SettingsSubmenuButtons</include>
        <label>$LOCALIZE[744]</label>
        <onclick>Skin.ToggleSetting(Music4)</onclick>
        <selected>!Skin.HasSetting(Music4)</selected>
      </control>
      <control type="radiobutton" id="305">
        <visible>Library.HasContent(Music)</visible>
        <visible>!Skin.HasSetting(MusicSectionHide) + Container(50).HasFocus(1003)</visible>
        <include>SettingsSubmenuButtons</include>
        <label>$LOCALIZE[589]</label>
        <onclick>Skin.ToggleSetting(Music7)</onclick>
        <selected>!Skin.HasSetting(Music7)</selected>
      </control>
      <control type="button" id="306">
        <visible>!Skin.HasSetting(MusicSectionHide) + Container(50).HasFocus(1003)</visible>
        <include>SettingsSubmenuButtons</include>
        <label>- $LOCALIZE[1036] 1</label>
        <label2>$INFO[Skin.String(CustomMusic.1.Label)]</label2>
        <onclick>RunScript(script.favourites,property=CustomMusic.1)</onclick>
      </control>
      <control type="button" id="307">
        <visible>!Skin.HasSetting(MusicSectionHide) + Container(50).HasFocus(1003)</visible>
        <include>SettingsSubmenuButtons</include>
        <label>- $LOCALIZE[1036] 2</label>
        <label2>$INFO[Skin.String(CustomMusic.2.Label)]</label2>
        <onclick>RunScript(script.favourites,property=CustomMusic.2)</onclick>
      </control>
      <control type="button" id="308">
        <visible>!Skin.HasSetting(MusicSectionHide) + Container(50).HasFocus(1003)</visible>
        <include>SettingsSubmenuButtons</include>
        <label>- $LOCALIZE[1036] 3</label>
        <label2>$INFO[Skin.String(CustomMusic.3.Label)]</label2>
        <onclick>RunScript(script.favourites,property=CustomMusic.3)</onclick>
      </control>
      <control type="button" id="309">
        <visible>!Skin.HasSetting(MusicSectionHide) + Container(50).HasFocus(1003)</visible>
        <include>SettingsSubmenuButtons</include>
        <label>- $LOCALIZE[1036] 4</label>
        <label2>$INFO[Skin.String(CustomMusic.4.Label)]</label2>
        <onclick>RunScript(script.favourites,property=CustomMusic.4)</onclick>
      </control>
      <control type="button" id="310">
        <visible>!Skin.HasSetting(MusicSectionHide) + Container(50).HasFocus(1003)</visible>
        <include>SettingsSubmenuButtons</include>
        <label>- $LOCALIZE[1036] 5</label>
        <label2>$INFO[Skin.String(CustomMusic.5.Label)]</label2>
        <onclick>RunScript(script.favourites,property=CustomMusic.5)</onclick>
      </control>
      <control type="button" id="311">
        <visible>!Skin.HasSetting(MusicSectionHide) + Container(50).HasFocus(1003)</visible>
        <include>SettingsSubmenuButtons</include>
        <label>- $LOCALIZE[1036] 6</label>
        <label2>$INFO[Skin.String(CustomMusic.6.Label)]</label2>
        <onclick>RunScript(script.favourites,property=CustomMusic.6)</onclick>
      </control>
      <control type="radiobutton" id="312">
        <visible>Library.HasContent(Music) | Library.HasContent(MusicVideos)</visible>
        <visible>!Skin.HasSetting(MusicSectionHide) + Container(50).HasFocus(1003)</visible>
        <include>SettingsSubmenuButtons</include>
        <label>$LOCALIZE[137]</label>
        <onclick>Skin.ToggleSetting(Music5)</onclick>
        <selected>!Skin.HasSetting(Music5)</selected>
      </control>
      <!--<control type="radiobutton" id="314">
        <visible>Library.HasContent(Music)</visible>
        <visible>!Skin.HasSetting(MusicSectionHide) + Container(50).HasFocus(1003)</visible>
        <include>SettingsSubmenuButtons</include>
        <label>$LOCALIZE[653]</label>
        <onclick>Skin.ToggleSetting(Music6)</onclick>
        <selected>!Skin.HasSetting(Music6)</selected>
      </control>-->
      <control type="button" id="400" description="RENAME">
        <visible>!Skin.HasSetting(PicturesSectionHide) + Container(50).HasFocus(1004)</visible>
        <texturenofocus>-</texturenofocus>
        <texturefocus border="8">img/ButtonFO.png</texturefocus>
        <align>center</align>
        <include>SettingsSubmenuButtons</include>
        <label>- $LOCALIZE[118] $LOCALIZE[21866] -</label>
        <onclick>Skin.SetString(PicturesName)</onclick>
      </control>
      <control type="label" id="401" description="spacer">
        <visible>!Skin.HasSetting(PicturesSectionHide) + Container(50).HasFocus(1004)</visible>
        <align>center</align>
        <height>10</height>
        <include>SettingsSubmenuButtons</include>
        <label>-</label>
      </control>
      <control type="radiobutton" id="402">
        <visible>!Skin.HasSetting(PicturesSectionHide) + Container(50).HasFocus(1004)</visible>
        <include>SettingsSubmenuButtons</include>
        <label>$LOCALIZE[1]</label>
        <onclick>Skin.ToggleSetting(Pictures1)</onclick>
        <selected>!Skin.HasSetting(Pictures1)</selected>
      </control>
      <control type="button" id="403">
        <visible>!Skin.HasSetting(PicturesSectionHide) + Container(50).HasFocus(1004)</visible>
        <include>SettingsSubmenuButtons</include>
        <label>- $LOCALIZE[1036] 1</label>
        <label2>$INFO[Skin.String(CustomPictures.1.Label)]</label2>
        <onclick>RunScript(script.favourites,property=CustomPictures.1)</onclick>
      </control>
      <control type="button" id="404">
        <visible>!Skin.HasSetting(PicturesSectionHide) + Container(50).HasFocus(1004)</visible>
        <include>SettingsSubmenuButtons</include>
        <label>- $LOCALIZE[1036] 2</label>
        <label2>$INFO[Skin.String(CustomPictures.2.Label)]</label2>
        <onclick>RunScript(script.favourites,property=CustomPictures.2)</onclick>
      </control>
      <control type="button" id="405">
        <visible>!Skin.HasSetting(PicturesSectionHide) + Container(50).HasFocus(1004)</visible>
        <include>SettingsSubmenuButtons</include>
        <label>- $LOCALIZE[1036] 3</label>
        <label2>$INFO[Skin.String(CustomPictures.3.Label)]</label2>
        <onclick>RunScript(script.favourites,property=CustomPictures.3)</onclick>
      </control>
      <control type="button" id="406">
        <visible>!Skin.HasSetting(PicturesSectionHide) + Container(50).HasFocus(1004)</visible>
        <include>SettingsSubmenuButtons</include>
        <label>- $LOCALIZE[1036] 4</label>
        <label2>$INFO[Skin.String(CustomPictures.4.Label)]</label2>
        <onclick>RunScript(script.favourites,property=CustomPictures.4)</onclick>
      </control>
      <control type="button" id="407">
        <visible>!Skin.HasSetting(PicturesSectionHide) + Container(50).HasFocus(1004)</visible>
        <include>SettingsSubmenuButtons</include>
        <label>- $LOCALIZE[1036] 5</label>
        <label2>$INFO[Skin.String(CustomPictures.5.Label)]</label2>
        <onclick>RunScript(script.favourites,property=CustomPictures.5)</onclick>
      </control>
      <control type="button" id="408">
        <visible>!Skin.HasSetting(PicturesSectionHide) + Container(50).HasFocus(1004)</visible>
        <include>SettingsSubmenuButtons</include>
        <label>- $LOCALIZE[1036] 6</label>
        <label2>$INFO[Skin.String(CustomPictures.6.Label)]</label2>
        <onclick>RunScript(script.favourites,property=CustomPictures.6)</onclick>
      </control>
      <control type="button" id="409">
        <visible>!Skin.HasSetting(PicturesSectionHide) + Container(50).HasFocus(1004)</visible>
        <include>SettingsSubmenuButtons</include>
        <label>- $LOCALIZE[1036] 7</label>
        <label2>$INFO[Skin.String(CustomPictures.7.Label)]</label2>
        <onclick>RunScript(script.favourites,property=CustomPictures.7)</onclick>
      </control>
      <control type="button" id="499" description="RENAME">
        <visible>!Skin.HasSetting(AddonsSectionHide) + Container(50).HasFocus(1005)</visible>
        <texturenofocus>-</texturenofocus>
        <texturefocus border="8">img/ButtonFO.png</texturefocus>
        <align>center</align>
        <include>SettingsSubmenuButtons</include>
        <label>- $LOCALIZE[118] $LOCALIZE[21866] -</label>
        <onclick>Skin.SetString(AddonsName)</onclick>
      </control>
      <control type="label" id="500" description="spacer">
        <visible>!Skin.HasSetting(AddonsSectionHide) + Container(50).HasFocus(1005)</visible>
        <align>center</align>
        <height>10</height>
        <include>SettingsSubmenuButtons</include>
        <label>-</label>
      </control>
      <control type="radiobutton" id="501">
        <visible>!Skin.HasSetting(AddonsSectionHide) + Container(50).HasFocus(1005)</visible>
        <include>SettingsSubmenuButtons</include>
        <label>$LOCALIZE[8]</label>
        <onclick>Skin.ToggleSetting(Addons1)</onclick>
        <selected>!Skin.HasSetting(Addons1)</selected>
      </control>
      <control type="radiobutton" id="502">
        <visible>!Skin.HasSetting(AddonsSectionHide) + Container(50).HasFocus(1005)</visible>
        <include>SettingsSubmenuButtons</include>
        <label>$LOCALIZE[0]</label>
        <onclick>Skin.ToggleSetting(Addons2)</onclick>
        <selected>!Skin.HasSetting(Addons2)</selected>
      </control>
      <control type="radiobutton" id="503">
        <visible>!Skin.HasSetting(AddonsSectionHide) + Container(50).HasFocus(1005)</visible>
        <include>SettingsSubmenuButtons</include>
        <label>$LOCALIZE[1]</label>
        <onclick>Skin.ToggleSetting(Addons3)</onclick>
        <selected>!Skin.HasSetting(Addons3)</selected>
      </control>
      <control type="radiobutton" id="504">
        <visible>!Skin.HasSetting(AddonsSectionHide) + Container(50).HasFocus(1005)</visible>
        <include>SettingsSubmenuButtons</include>
        <label>$LOCALIZE[157]</label>
        <onclick>Skin.ToggleSetting(Addons4)</onclick>
        <selected>!Skin.HasSetting(Addons4)</selected>
      </control>
      <control type="radiobutton" id="505">
        <visible>!Skin.HasSetting(AddonsSectionHide) + Container(50).HasFocus(1005)</visible>
        <include>SettingsSubmenuButtons</include>
        <label>$LOCALIZE[2]</label>
        <onclick>Skin.ToggleSetting(Addons5)</onclick>
        <selected>!Skin.HasSetting(Addons5)</selected>
      </control>
      <control type="radiobutton" id="506">
        <visible>!Skin.HasSetting(AddonsSectionHide) + Container(50).HasFocus(1005)</visible>
        <include>SettingsSubmenuButtons</include>
        <label>$LOCALIZE[5]</label>
        <onclick>Skin.ToggleSetting(Addons6)</onclick>
        <selected>!Skin.HasSetting(Addons6)</selected>
      </control>
      <control type="button" id="507">
        <visible>!Skin.HasSetting(AddonsSectionHide) + Container(50).HasFocus(1005)</visible>
        <include>SettingsSubmenuButtons</include>
        <label>- $LOCALIZE[1036] 1</label>
        <label2>$INFO[Skin.String(CustomAddons.1.Label)]</label2>
        <onclick>RunScript(script.favourites,property=CustomAddons.1)</onclick>
      </control>
      <control type="button" id="508">
        <visible>!Skin.HasSetting(AddonsSectionHide) + Container(50).HasFocus(1005)</visible>
        <include>SettingsSubmenuButtons</include>
        <label>- $LOCALIZE[1036] 2</label>
        <label2>$INFO[Skin.String(CustomAddons.2.Label)]</label2>
        <onclick>RunScript(script.favourites,property=CustomAddons.2)</onclick>
      </control>
      <control type="button" id="509">
        <visible>!Skin.HasSetting(AddonsSectionHide) + Container(50).HasFocus(1005)</visible>
        <include>SettingsSubmenuButtons</include>
        <label>- $LOCALIZE[1036] 3</label>
        <label2>$INFO[Skin.String(CustomAddons.3.Label)]</label2>
        <onclick>RunScript(script.favourites,property=CustomAddons.3)</onclick>
      </control>
      <control type="button" id="510">
        <visible>!Skin.HasSetting(AddonsSectionHide) + Container(50).HasFocus(1005)</visible>
        <include>SettingsSubmenuButtons</include>
        <label>- $LOCALIZE[1036] 4</label>
        <label2>$INFO[Skin.String(CustomAddons.4.Label)]</label2>
        <onclick>RunScript(script.favourites,property=CustomAddons.4)</onclick>
      </control>
      <control type="button" id="511">
        <visible>!Skin.HasSetting(AddonsSectionHide) + Container(50).HasFocus(1005)</visible>
        <include>SettingsSubmenuButtons</include>
        <label>- $LOCALIZE[1036] 5</label>
        <label2>$INFO[Skin.String(CustomAddons.5.Label)]</label2>
        <onclick>RunScript(script.favourites,property=CustomAddons.5)</onclick>
      </control>
      <control type="button" id="512">
        <visible>!Skin.HasSetting(AddonsSectionHide) + Container(50).HasFocus(1005)</visible>
        <include>SettingsSubmenuButtons</include>
        <label>- $LOCALIZE[1036] 6</label>
        <label2>$INFO[Skin.String(CustomAddons.6.Label)]</label2>
        <onclick>RunScript(script.favourites,property=CustomAddons.6)</onclick>
      </control>
      <control type="button" id="600" description="RENAME">
        <visible>Container(50).HasFocus(1006)</visible>
        <texturenofocus>-</texturenofocus>
        <texturefocus border="8">img/ButtonFO.png</texturefocus>
        <align>center</align>
        <include>SettingsSubmenuButtons</include>
        <label>- $LOCALIZE[118] $LOCALIZE[21866] -</label>
        <onclick>Skin.SetString(XBMCName)</onclick>
      </control>
      <control type="label" id="601" description="spacer">
        <visible>Container(50).HasFocus(1006)</visible>
        <align>center</align>
        <height>10</height>
        <include>SettingsSubmenuButtons</include>
        <label>-</label>
      </control>
      <control type="radiobutton" id="602">
        <visible>Container(50).HasFocus(1006)</visible>
        <include>SettingsSubmenuButtons</include>
        <label>$LOCALIZE[653]</label>
        <onclick>Skin.ToggleSetting(XBMC0)</onclick>
        <selected>!Skin.HasSetting(XBMC0)</selected>
      </control>
      <control type="radiobutton" id="603">
        <visible>Container(50).HasFocus(1006)</visible>
        <include>SettingsSubmenuButtons</include>
        <label>$LOCALIZE[7]</label>
        <onclick>Skin.ToggleSetting(XBMC1)</onclick>
        <selected>!Skin.HasSetting(XBMC1)</selected>
      </control>
      <control type="radiobutton" id="604">
        <visible>Container(50).HasFocus(1006)</visible>
        <include>SettingsSubmenuButtons</include>
        <label>$LOCALIZE[1036]</label>
        <onclick>Skin.ToggleSetting(XBMC2)</onclick>
        <selected>!Skin.HasSetting(XBMC2)</selected>
      </control>
      <control type="radiobutton" id="605">
        <visible>Container(50).HasFocus(1006)</visible>
        <visible>![System.Platform.ios | System.Platform.atv2]</visible>
        <include>SettingsSubmenuButtons</include>
        <label>$LOCALIZE[446]</label>
        <onclick>Skin.ToggleSetting(XBMC3)</onclick>
        <selected>!Skin.HasSetting(XBMC3)</selected>
      </control>
      <control type="radiobutton" id="606">
        <visible>Container(50).HasFocus(1006)</visible>
        <include>SettingsSubmenuButtons</include>
        <label>$LOCALIZE[13009]</label>
        <onclick>Skin.ToggleSetting(XBMC4)</onclick>
        <selected>!Skin.HasSetting(XBMC4)</selected>
      </control>
    </control>
  </controls>
</window>
